ID,From_dcenter,To_community,cost
0,120,120,0,
1,120,122,0.54,1,
2,120,125,1.14,1,2,
3,120,126,1.32,1,2,3,
4,120,132,2.34,1,2,3,4,
5,120,141,4.1,1,2,3,4,5,
6,120,143,4.52,1,2,3,4,5,6,
7,120,154,6.55,1,2,3,4,5,7,
8,120,221,3.47,1,59,58,20,
9,120,229,1.51,1,59,58,
10,120,232,1.49,1,59,36,
11,120,242,2.74,1,2,3,18,
12,120,252,5.52,1,2,3,18,19,
13,120,413,5.54,1,59,58,57,30,
14,120,426,1.91,1,59,58,57,
15,120,437,2.54,1,2,28,
16,120,442,3.92,1,2,28,29,
17,120,520,3.69,1,59,39,
18,120,536,0.67,1,59,
19,120,546,2.67,1,2,3,4,46,
20,120,560,6.03,1,2,3,4,46,38,
21,120,727,2.86,1,2,28,52,
22,120,726,1.71,1,51,
23,122,120,0.54,8,
24,122,122,0,
25,122,125,0.6,2,
26,122,126,0.78,2,3,
27,122,132,1.8,2,3,4,
28,122,141,3.56,2,3,4,5,
29,122,143,3.98,2,3,4,5,6,
30,122,154,6.01,2,3,4,5,7,
31,122,221,2.93,59,58,20,
32,122,229,0.97,59,58,
33,122,232,0.95,59,36,
34,122,242,2.2,2,3,18,
35,122,252,4.98,2,3,18,19,
36,122,413,5,59,58,57,30,
37,122,426,1.37,59,58,57,
38,122,437,2,2,28,
39,122,442,3.38,2,28,29,
40,122,520,3.15,59,39,
41,122,536,0.13,59,
42,122,546,2.13,2,3,4,46,
43,122,560,5.49,2,3,4,46,38,
44,122,727,2.32,2,28,52,
45,122,726,1.17,51,
46,125,120,1.14,9,8,
47,125,122,0.6,9,
48,125,125,0,
49,125,126,0.18,3,
50,125,132,1.2,3,4,
51,125,141,2.96,3,4,5,
52,125,143,3.38,3,4,5,6,
53,125,154,5.41,3,4,5,7,
54,125,221,3.04,32,21,20,
55,125,229,1.08,32,21,
56,125,232,0.44,32,
57,125,242,1.6,3,18,
58,125,252,4.38,3,18,19,
59,125,413,4.6,32,31,30,
60,125,426,0.97,32,31,
61,125,437,1.4,28,
62,125,442,2.78,28,29,
63,125,520,3.75,9,59,39,
64,125,536,0.73,9,59,
65,125,546,1.53,3,4,46,
66,125,560,4.89,3,4,46,38,
67,125,727,1.72,28,52,
68,125,726,1.77,9,51,
69,126,120,1.32,10,9,8,
70,126,122,0.78,10,9,
71,126,125,0.18,10,
72,126,126,0,
73,126,132,1.02,4,
74,126,141,2.78,4,5,
75,126,143,3.2,4,5,6,
76,126,154,5.23,4,5,7,
77,126,221,3.07,22,21,20,
78,126,229,1.11,22,21,
79,126,232,0.47,22,
80,126,242,1.42,18,
81,126,252,4.2,18,19,
82,126,413,4.63,22,31,30,
83,126,426,1,22,31,
84,126,437,1.58,10,28,
85,126,442,2.96,10,28,29,
86,126,520,3.93,10,9,59,39,
87,126,536,0.91,10,9,59,
88,126,546,1.35,4,46,
89,126,560,4.71,4,46,38,
90,126,727,1.9,10,28,52,
91,126,726,1.95,10,9,51,
92,132,120,2.34,11,10,9,8,
93,132,122,1.8,11,10,9,
94,132,125,1.2,11,10,
95,132,126,1.02,11,
96,132,132,0,
97,132,141,1.76,5,
98,132,143,2.18,5,6,
99,132,154,4.21,5,7,
100,132,221,4.09,11,22,21,20,
101,132,229,2.13,11,22,21,
102,132,232,1.49,11,22,
103,132,242,1.46,54,
104,132,252,4.24,54,19,
105,132,413,5.46,46,47,30,
106,132,426,1.83,46,47,
107,132,437,1.86,54,53,
108,132,442,3.24,54,53,29,
109,132,520,4.95,11,10,9,59,39,
110,132,536,1.93,11,10,9,59,
111,132,546,0.33,46,
112,132,560,3.69,46,38,
113,132,727,2.18,54,53,52,
114,132,726,2.97,11,10,9,51,
115,141,120,4.1,12,11,10,9,8,
116,141,122,3.56,12,11,10,9,
117,141,125,2.96,12,11,10,
118,141,126,2.78,12,11,
119,141,132,1.76,12,
120,141,141,0,
121,141,143,0.42,6,
122,141,154,2.45,7,
123,141,221,5.85,12,11,22,21,20,
124,141,229,3.89,12,11,22,21,
125,141,232,3.25,12,11,22,
126,141,242,3.22,12,54,
127,141,252,6,12,54,19,
128,141,413,7.22,12,46,47,30,
129,141,426,3.59,12,46,47,
130,141,437,3.62,12,54,53,
131,141,442,5,12,54,53,29,
132,141,520,6.71,12,11,10,9,59,39,
133,141,536,3.69,12,11,10,9,59,
134,141,546,2.09,12,46,
135,141,560,5.45,12,46,38,
136,141,727,3.94,12,54,53,52,
137,141,726,4.73,12,11,10,9,51,
138,154,120,6.55,14,12,11,10,9,8,
139,154,122,6.01,14,12,11,10,9,
140,154,125,5.41,14,12,11,10,
141,154,126,5.23,14,12,11,
142,154,132,4.21,14,12,
143,154,141,2.45,14,
144,154,143,2.87,14,6,
145,154,154,0,
146,154,221,8.3,14,12,11,22,21,20,
147,154,229,6.34,14,12,11,22,21,
148,154,232,5.7,14,12,11,22,
149,154,242,5.67,14,12,54,
150,154,252,8.45,14,12,54,19,
151,154,413,9.67,14,12,46,47,30,
152,154,426,6.04,14,12,46,47,
153,154,437,6.07,14,12,54,53,
154,154,442,7.45,14,12,54,53,29,
155,154,520,9.16,14,12,11,10,9,59,39,
156,154,536,6.14,14,12,11,10,9,59,
157,154,546,4.54,14,12,46,
158,154,560,7.9,14,12,46,38,
159,154,727,6.39,14,12,54,53,52,
160,154,726,7.18,14,12,11,10,9,51,
161,221,120,3.47,15,49,50,8,
162,221,122,2.93,15,49,50,
163,221,125,3.04,15,16,27,
164,221,126,3.07,15,16,17,
165,221,132,4.09,15,16,17,4,
166,221,141,5.85,15,16,17,4,5,
167,221,143,6.27,15,16,17,4,5,6,
168,221,154,8.3,15,16,17,4,5,7,
169,221,221,0,
170,221,229,1.96,15,
171,221,232,2.6,15,16,
172,221,242,4.49,15,16,17,18,
173,221,252,7.27,15,16,17,18,19,
174,221,413,5.99,15,57,30,
175,221,426,2.36,15,57,
176,221,437,4.44,15,16,27,28,
177,221,442,5.82,15,16,27,28,29,
178,221,520,5.82,15,49,39,
179,221,536,2.8,15,49,
180,221,546,3.8,15,16,37,
181,221,560,7.16,15,16,37,38,
182,221,727,4.76,15,16,27,28,52,
183,221,726,4.1,15,49,50,51,
184,229,120,1.51,49,50,8,
185,229,122,0.97,49,50,
186,229,125,1.08,16,27,
187,229,126,1.11,16,17,
188,229,132,2.13,16,17,4,
189,229,141,3.89,16,17,4,5,
190,229,143,4.31,16,17,4,5,6,
191,229,154,6.34,16,17,4,5,7,
192,229,221,1.96,20,
193,229,229,0,
194,229,232,0.64,16,
195,229,242,2.53,16,17,18,
196,229,252,5.31,16,17,18,19,
197,229,413,4.03,57,30,
198,229,426,0.4,57,
199,229,437,2.48,16,27,28,
200,229,442,3.86,16,27,28,29,
201,229,520,3.86,49,39,
202,229,536,0.84,49,
203,229,546,1.84,16,37,
204,229,560,5.2,16,37,38,
205,229,727,2.8,16,27,28,52,
206,229,726,2.14,49,50,51,
207,232,120,1.49,40,50,8,
208,232,122,0.95,40,50,
209,232,125,0.44,27,
210,232,126,0.47,17,
211,232,132,1.49,17,4,
212,232,141,3.25,17,4,5,
213,232,143,3.67,17,4,5,6,
214,232,154,5.7,17,4,5,7,
215,232,221,2.6,21,20,
216,232,229,0.64,21,
217,232,232,0,
218,232,242,1.89,17,18,
219,232,252,4.67,17,18,19,
220,232,413,4.16,31,30,
221,232,426,0.53,31,
222,232,437,1.84,27,28,
223,232,442,3.22,27,28,29,
224,232,520,3.84,40,39,
225,232,536,0.82,40,
226,232,546,1.2,37,
227,232,560,4.56,37,38,
228,232,727,2.16,27,28,52,
229,232,726,2.12,40,50,51,
230,252,120,5.52,24,23,10,9,8,
231,252,122,4.98,24,23,10,9,
232,252,125,4.38,24,23,10,
233,252,126,4.2,24,23,
234,252,132,4.24,24,45,
235,252,141,6,24,45,5,
236,252,143,6.42,24,45,5,6,
237,252,154,8.45,24,45,5,7,
238,252,221,7.27,24,23,22,21,20,
239,252,229,5.31,24,23,22,21,
240,252,232,4.67,24,23,22,
241,252,242,2.78,24,
242,252,252,0,
243,252,413,8.83,24,23,22,31,30,
244,252,426,5.2,24,23,22,31,
245,252,437,3.18,24,53,
246,252,442,4.56,24,53,29,
247,252,520,8.13,24,23,10,9,59,39,
248,252,536,5.11,24,23,10,9,59,
249,252,546,4.57,24,45,46,
250,252,560,7.93,24,45,46,38,
251,252,727,3.5,24,53,52,
252,252,726,6.15,24,23,10,9,51,
253,413,120,5.54,25,48,49,50,8,
254,413,122,5,25,48,49,50,
255,413,125,4.6,25,26,27,
256,413,126,4.63,25,26,17,
257,413,132,5.46,25,56,55,
258,413,141,7.22,25,56,55,5,
259,413,143,7.64,25,56,55,5,6,
260,413,154,9.67,25,56,55,5,7,
261,413,221,5.99,25,48,20,
262,413,229,4.03,25,48,
263,413,232,4.16,25,26,
264,413,242,6.05,25,26,17,18,
265,413,252,8.83,25,26,17,18,19,
266,413,413,0,
267,413,426,3.63,25,
268,413,437,6,25,26,27,28,
269,413,442,7.38,25,26,27,28,29,
270,413,520,7.89,25,48,49,39,
271,413,536,4.87,25,48,49,
272,413,546,5.13,25,56,
273,413,560,8.49,25,56,38,
274,413,727,6.32,25,26,27,28,52,
275,413,726,6.17,25,48,49,50,51,
276,426,120,1.91,48,49,50,8,
277,426,122,1.37,48,49,50,
278,426,125,0.97,26,27,
279,426,126,1,26,17,
280,426,132,1.83,56,55,
281,426,141,3.59,56,55,5,
282,426,143,4.01,56,55,5,6,
283,426,154,6.04,56,55,5,7,
284,426,221,2.36,48,20,
285,426,229,0.4,48,
286,426,232,0.53,26,
287,426,242,2.42,26,17,18,
288,426,252,5.2,26,17,18,19,
289,426,413,3.63,30,
290,426,426,0,
291,426,437,2.37,26,27,28,
292,426,442,3.75,26,27,28,29,
293,426,520,4.26,48,49,39,
294,426,536,1.24,48,49,
295,426,546,1.5,56,
296,426,560,4.86,56,38,
297,426,727,2.69,26,27,28,52,
298,426,726,2.54,48,49,50,51,
299,437,120,2.54,33,9,8,
300,437,122,2,33,9,
301,437,125,1.4,33,
302,437,126,1.58,33,3,
303,437,132,1.86,44,45,
304,437,141,3.62,44,45,5,
305,437,143,4.04,44,45,5,6,
306,437,154,6.07,44,45,5,7,
307,437,221,4.44,33,32,21,20,
308,437,229,2.48,33,32,21,
309,437,232,1.84,33,32,
310,437,242,0.4,44,
311,437,252,3.18,44,19,
312,437,413,6,33,32,31,30,
313,437,426,2.37,33,32,31,
314,437,437,0,
315,437,442,1.38,29,
316,437,520,5.15,33,9,59,39,
317,437,536,2.13,33,9,59,
318,437,546,2.19,44,45,46,
319,437,560,5.55,44,45,46,38,
320,437,727,0.32,52,
321,437,726,3.17,33,9,51,
322,442,120,3.92,34,33,9,8,
323,442,122,3.38,34,33,9,
324,442,125,2.78,34,33,
325,442,126,2.96,34,33,3,
326,442,132,3.24,34,44,45,
327,442,141,5,34,44,45,5,
328,442,143,5.42,34,44,45,5,6,
329,442,154,7.45,34,44,45,5,7,
330,442,221,5.82,34,33,32,21,20,
331,442,229,3.86,34,33,32,21,
332,442,232,3.22,34,33,32,
333,442,242,1.78,34,44,
334,442,252,4.56,34,44,19,
335,442,413,7.38,34,33,32,31,30,
336,442,426,3.75,34,33,32,31,
337,442,437,1.38,34,
338,442,442,0,
339,442,520,6.53,34,33,9,59,39,
340,442,536,3.51,34,33,9,59,
341,442,546,3.57,34,44,45,46,
342,442,560,6.93,34,44,45,46,38,
343,442,727,1.7,34,52,
344,442,726,4.55,34,33,9,51,
345,520,120,3.69,35,50,8,
346,520,122,3.15,35,50,
347,520,125,3.75,35,50,2,
348,520,126,3.93,35,50,2,3,
349,520,132,4.95,35,50,2,3,4,
350,520,141,6.71,35,50,2,3,4,5,
351,520,143,7.13,35,50,2,3,4,5,6,
352,520,154,9.16,35,50,2,3,4,5,7,
353,520,221,5.82,35,58,20,
354,520,229,3.86,35,58,
355,520,232,3.84,35,36,
356,520,242,5.35,35,50,2,3,18,
357,520,252,8.13,35,50,2,3,18,19,
358,520,413,7.89,35,58,57,30,
359,520,426,4.26,35,58,57,
360,520,437,5.15,35,50,2,28,
361,520,442,6.53,35,50,2,28,29,
362,520,520,0,
363,520,536,3.02,35,
364,520,546,5.04,35,36,37,
365,520,560,8.4,35,36,37,38,
366,520,727,5.47,35,50,2,28,52,
367,520,726,4.32,35,50,51,
368,536,120,0.67,50,8,
369,536,122,0.13,50,
370,536,125,0.73,50,2,
371,536,126,0.91,50,2,3,
372,536,132,1.93,50,2,3,4,
373,536,141,3.69,50,2,3,4,5,
374,536,143,4.11,50,2,3,4,5,6,
375,536,154,6.14,50,2,3,4,5,7,
376,536,221,2.8,58,20,
377,536,229,0.84,58,
378,536,232,0.82,36,
379,536,242,2.33,50,2,3,18,
380,536,252,5.11,50,2,3,18,19,
381,536,413,4.87,58,57,30,
382,536,426,1.24,58,57,
383,536,437,2.13,50,2,28,
384,536,442,3.51,50,2,28,29,
385,536,520,3.02,39,
386,536,536,0,
387,536,546,2.02,36,37,
388,536,560,5.38,36,37,38,
389,536,727,2.45,50,2,28,52,
390,536,726,1.3,50,51,
391,560,120,6.03,42,55,11,10,9,8,
392,560,122,5.49,42,55,11,10,9,
393,560,125,4.89,42,55,11,10,
394,560,126,4.71,42,55,11,
395,560,132,3.69,42,55,
396,560,141,5.45,42,55,5,
397,560,143,5.87,42,55,5,6,
398,560,154,7.9,42,55,5,7,
399,560,221,7.16,42,41,21,20,
400,560,229,5.2,42,41,21,
401,560,232,4.56,42,41,
402,560,242,5.15,42,55,54,
403,560,252,7.93,42,55,54,19,
404,560,413,8.49,42,47,30,
405,560,426,4.86,42,47,
406,560,437,5.55,42,55,54,53,
407,560,442,6.93,42,55,54,53,29,
408,560,520,8.4,42,41,40,39,
409,560,536,5.38,42,41,40,
410,560,546,3.36,42,
411,560,560,0,
412,560,727,5.87,42,55,54,53,52,
413,560,726,6.66,42,55,11,10,9,51,
414,727,120,2.86,43,33,9,8,
415,727,122,2.32,43,33,9,
416,727,125,1.72,43,33,
417,727,126,1.9,43,33,3,
418,727,132,2.18,43,44,45,
419,727,141,3.94,43,44,45,5,
420,727,143,4.36,43,44,45,5,6,
421,727,154,6.39,43,44,45,5,7,
422,727,221,4.76,43,33,32,21,20,
423,727,229,2.8,43,33,32,21,
424,727,232,2.16,43,33,32,
425,727,242,0.72,43,44,
426,727,252,3.5,43,44,19,
427,727,413,6.32,43,33,32,31,30,
428,727,426,2.69,43,33,32,31,
429,727,437,0.32,43,
430,727,442,1.7,43,29,
431,727,520,5.47,43,33,9,59,39,
432,727,536,2.45,43,33,9,59,
433,727,546,2.51,43,44,45,46,
434,727,560,5.87,43,44,45,46,38,
435,727,727,0,
436,727,726,3.49,43,33,9,51,
437,726,120,1.71,60,8,
438,726,122,1.17,60,
439,726,125,1.77,60,2,
440,726,126,1.95,60,2,3,
441,726,132,2.97,60,2,3,4,
442,726,141,4.73,60,2,3,4,5,
443,726,143,5.15,60,2,3,4,5,6,
444,726,154,7.18,60,2,3,4,5,7,
445,726,221,4.1,60,59,58,20,
446,726,229,2.14,60,59,58,
447,726,232,2.12,60,59,36,
448,726,242,3.37,60,2,3,18,
449,726,252,6.15,60,2,3,18,19,
450,726,413,6.17,60,59,58,57,30,
451,726,426,2.54,60,59,58,57,
452,726,437,3.17,60,2,28,
453,726,442,4.55,60,2,28,29,
454,726,520,4.32,60,59,39,
455,726,536,1.3,60,59,
456,726,546,3.3,60,2,3,4,46,
457,726,560,6.66,60,2,3,4,46,38,
458,726,727,3.49,60,2,28,52,
459,726,726,0,
